{"cameraMode":{"drawMode":0,"name":"Shaded","section":"Shading Mode"},"sceneLighting":true,"audioPlay":false,"sceneViewState":{"m_AlwaysRefresh":false,"showFog":false,"showSkybox":true,"showFlares":false,"showImageEffects":false,"showParticleSystems":false,"showVisualEffectGraphs":true,"m_FxEnabled":true},"in2DMode":false,"pivot":{"x":51.39998245239258,"y":4.7803497314453129,"z":-35.04441452026367},"rotation":{"x":-0.023385601118206979,"y":0.03026554174721241,"z":-0.0007086401456035674,"w":-0.9992865920066834},"size":5.4219746589660648,"orthographic":false}