{"cameraMode":{"drawMode":0,"name":"Shaded","section":"Shading Mode"},"sceneLighting":false,"audioPlay":false,"sceneViewState":{"m_AlwaysRefresh":false,"showFog":false,"showSkybox":false,"showFlares":false,"showImageEffects":false,"showParticleSystems":false,"showVisualEffectGraphs":true,"m_FxEnabled":true},"in2DMode":false,"pivot":{"x":-0.00004786252975463867,"y":0.8667935729026794,"z":0.011434182524681092},"rotation":{"x":-0.010659489780664444,"y":-0.9874870777130127,"z":0.13745658099651338,"w":-0.07657837122678757},"size":1.3656638860702515,"orthographic":false}