{"cameraMode":{"drawMode":0,"name":"Shaded","section":"Shading Mode"},"sceneLighting":false,"audioPlay":false,"sceneViewState":{"m_AlwaysRefresh":false,"showFog":false,"showSkybox":false,"showFlares":false,"showImageEffects":false,"showParticleSystems":false,"showVisualEffectGraphs":true,"m_FxEnabled":true},"in2DMode":false,"pivot":{"x":3.5762786865234377e-7,"y":0.7825452089309692,"z":-0.10584592819213867},"rotation":{"x":-0.010659489780664444,"y":-0.9874870777130127,"z":0.13745658099651338,"w":-0.07657837122678757},"size":1.043843388557434,"orthographic":false}